epoch,learning_rate,train_loss,train_accuracy,train_macro_f1,val_loss,val_accuracy,val_macro_f1,seconds,best_so_far
1,0.001,4.72477,0.02153,0.01348,4.68086,0.0238,0.00579,115.7,True
2,0.0009993147673772868,4.52551,0.03476,0.02208,4.47839,0.03504,0.01311,66.8,True
3,0.0009972609476841365,4.24212,0.0567,0.04318,4.19949,0.06711,0.03797,64.4,True
4,0.0009938441702975688,4.02697,0.08534,0.0695,4.08002,0.08165,0.05186,67.2,True
5,0.0009890738003669028,3.84418,0.10805,0.09087,4.02307,0.09851,0.07074,70.4,True
6,0.0009829629131445341,3.69814,0.12839,0.11054,3.81642,0.12496,0.09734,65.2,True
7,0.0009755282581475769,3.54496,0.15019,0.13176,3.99884,0.10744,0.089,65.3,False
8,0.0009667902132486009,3.42644,0.1722,0.15414,3.57872,0.13785,0.10737,66.2,True
9,0.0009567727288213005,3.31084,0.18962,0.17124,3.53579,0.16132,0.13443,64.4,True
10,0.0009455032620941839,3.1934,0.2078,0.18996,3.26735,0.21091,0.1749,64.3,True
11,0.0009330127018922195,3.10959,0.22738,0.20831,3.18467,0.21719,0.1869,65.3,True
12,0.0009193352839727121,3.01458,0.24465,0.22767,3.19173,0.22083,0.201,64.6,True
13,0.0009045084971874737,2.90743,0.26165,0.24427,3.2078,0.21322,0.18836,63.3,False
14,0.0008885729807284855,2.82617,0.28387,0.26753,3.1349,0.23802,0.2097,62.7,True
15,0.0008715724127386972,2.72605,0.30317,0.2869,2.92275,0.25818,0.23173,61.7,True
16,0.0008535533905932738,2.65968,0.31661,0.30244,2.76531,0.30413,0.28244,65.6,True
17,0.0008345653031794292,2.57811,0.33368,0.3187,2.81484,0.28959,0.2736,67.8,False
18,0.0008146601955249188,2.48238,0.35542,0.34077,2.72649,0.31372,0.29661,62.3,True
19,0.0007938926261462366,2.41888,0.3621,0.3483,3.01725,0.25322,0.2406,61.4,False
20,0.0007723195175075136,2.33071,0.38412,0.37038,2.6493,0.32661,0.29984,62.7,True
21,0.00075,2.26908,0.39986,0.38609,2.80012,0.29785,0.29415,67.7,False
22,0.0007269952498697733,2.20643,0.40906,0.39666,2.56352,0.35107,0.34016,64.4,True
23,0.0007033683215379002,2.1321,0.42926,0.41674,2.40226,0.37851,0.36671,62.4,True
24,0.0006791839747726503,2.06953,0.44103,0.42991,2.4808,0.36496,0.34962,64.2,False
25,0.0006545084971874737,2.03037,0.45127,0.44094,2.64672,0.34149,0.33369,68.7,False
26,0.0006294095225512603,1.96412,0.46506,0.45507,2.43863,0.38909,0.37684,65.0,True
27,0.0006039558454088795,1.93058,0.4776,0.46706,2.33738,0.39636,0.38297,67.6,True
28,0.0005782172325201154,1.86094,0.48972,0.47924,2.41516,0.37587,0.36751,70.7,False
29,0.0005522642316338267,1.82384,0.50463,0.4949,2.2137,0.4281,0.41549,66.0,True
30,0.0005261679781214719,1.77857,0.51055,0.50069,2.19552,0.42347,0.4065,67.4,False
31,0.0005000000000000001,1.74157,0.52017,0.51073,2.1913,0.4357,0.42539,68.1,True
32,0.00047383202187852816,1.69627,0.5295,0.52104,2.12045,0.44529,0.43382,65.1,True
33,0.00044773576836617336,1.64433,0.54476,0.53676,2.28101,0.4281,0.42283,63.9,False
34,0.0004217827674798846,1.61879,0.55451,0.54621,2.17345,0.44628,0.4414,65.7,True
35,0.00039604415459112036,1.5676,0.56782,0.56024,2.13876,0.44099,0.42966,63.6,False
36,0.00037059047744873974,1.53991,0.57088,0.56274,2.06404,0.45157,0.44312,61.7,True
37,0.0003454915028125264,1.50979,0.58189,0.57372,2.08526,0.45917,0.44717,61.2,True
38,0.0003208160252273499,1.48735,0.58816,0.58081,2.03081,0.4714,0.46154,64.2,True
39,0.00029663167846210003,1.46058,0.58711,0.57976,2.14628,0.44066,0.43041,64.8,False
40,0.0002730047501302267,1.43571,0.59868,0.59072,2.06328,0.46248,0.45582,61.5,False
41,0.00025000000000000017,1.39097,0.61108,0.604,1.99106,0.4714,0.46373,64.7,True
42,0.00022768048249248665,1.37684,0.60961,0.60306,2.00878,0.47438,0.46655,67.3,True
43,0.00020610737385376354,1.36148,0.61811,0.61197,1.98081,0.48099,0.46944,62.4,True
44,0.0001853398044750814,1.33544,0.62389,0.61653,1.99234,0.47372,0.46995,63.7,True
45,0.0001654346968205711,1.31311,0.6303,0.62375,1.99283,0.48893,0.48171,69.7,True
46,0.0001464466094067263,1.29474,0.63664,0.63052,1.933,0.49818,0.48989,67.9,True
47,0.00012842758726130303,1.2727,0.64235,0.63618,1.92924,0.4919,0.48458,62.3,False
48,0.00011142701927151459,1.26636,0.64277,0.63722,1.96698,0.49653,0.4903,63.7,True
49,9.549150281252635e-05,1.24252,0.65099,0.64512,1.92298,0.49157,0.48447,66.3,False
50,8.066471602728805e-05,1.22179,0.65768,0.65168,1.90924,0.50281,0.49488,64.4,True
51,6.698729810778066e-05,1.21542,0.65991,0.65454,1.91525,0.49719,0.49113,64.1,False
52,5.449673790581612e-05,1.21122,0.65991,0.65326,1.91497,0.49157,0.48524,63.0,False
53,4.322727117869952e-05,1.19231,0.66228,0.65577,1.89844,0.49851,0.49219,65.2,False
54,3.3209786751399136e-05,1.19748,0.66353,0.65716,1.89555,0.50512,0.49688,61.6,True
55,2.4471741852423238e-05,1.18188,0.66493,0.66002,1.9084,0.49884,0.49165,62.9,False
56,1.7037086855465846e-05,1.18605,0.66945,0.66337,1.89989,0.50281,0.49548,65.9,False
57,1.0926199633097158e-05,1.18943,0.6682,0.66367,1.89618,0.49983,0.49102,67.3,False
58,6.155829702431172e-06,1.17466,0.67342,0.66794,1.90334,0.49917,0.49147,64.6,False
59,2.7390523158633003e-06,1.16168,0.67517,0.66948,1.90157,0.50314,0.49535,64.8,False
